source,target,link
https://www.youtube.com/channel/UCC_5rcKYN-D47MDkpinscjw/videos,https://www.youtube.com/watch?v=8Z67HWnAi-c,1
https://www.youtube.com/channel/UCC_5rcKYN-D47MDkpinscjw/videos,https://www.youtube.com/watch?v=E4_oLYgYK2I,1
https://www.youtube.com/channel/UCC_5rcKYN-D47MDkpinscjw/videos,https://www.youtube.com/watch?v=ryyA6YB96YQ,1
https://www.youtube.com/channel/UCC_5rcKYN-D47MDkpinscjw/videos,https://www.youtube.com/watch?v=nfSk2Bn2nTM,1
https://www.youtube.com/channel/UCC_5rcKYN-D47MDkpinscjw/videos,https://www.youtube.com/watch?v=K2oRry8kO_8,1
https://www.youtube.com/channel/UCC_5rcKYN-D47MDkpinscjw/videos,https://www.youtube.com/watch?v=nfSk2Bn2nTM,1
https://www.youtube.com/channel/UCC_5rcKYN-D47MDkpinscjw/videos,https://www.youtube.com/watch?v=IJZy7zCHrvc,1
https://www.youtube.com/channel/UCC_5rcKYN-D47MDkpinscjw/videos,https://www.youtube.com/watch?v=ryyA6YB96YQ,1
https://www.youtube.com/channel/UCC_5rcKYN-D47MDkpinscjw/videos,https://www.youtube.com/watch?v=6EsFYcgPZsM,1
https://www.youtube.com/channel/UCC_5rcKYN-D47MDkpinscjw/videos,https://www.youtube.com/watch?v=Lt70bW6rkA0,1
https://www.youtube.com/channel/UCC_5rcKYN-D47MDkpinscjw/videos,https://www.youtube.com/watch?v=_IG3AOKXsb8,1
https://www.youtube.com/channel/UCC_5rcKYN-D47MDkpinscjw/videos,https://www.youtube.com/watch?v=ryyA6YB96YQ,1
https://www.youtube.com/channel/UCC_5rcKYN-D47MDkpinscjw/videos,https://www.youtube.com/watch?v=Q3SEJoPClJk,1
https://www.youtube.com/channel/UCC_5rcKYN-D47MDkpinscjw/videos,https://www.youtube.com/watch?v=CxysASUmnzQ,1
https://www.youtube.com/channel/UCC_5rcKYN-D47MDkpinscjw/videos,https://www.youtube.com/watch?v=PiGEugVovtQ,1
https://www.youtube.com/channel/UCC_5rcKYN-D47MDkpinscjw/videos,https://www.youtube.com/watch?v=ryyA6YB96YQ,1
https://www.youtube.com/channel/UCC_5rcKYN-D47MDkpinscjw/videos,https://www.youtube.com/watch?v=ryyA6YB96YQ,1
https://www.youtube.com/channel/UCC_5rcKYN-D47MDkpinscjw/videos,https://www.youtube.com/watch?v=8Z67HWnAi-c,1
https://www.youtube.com/channel/UCC_5rcKYN-D47MDkpinscjw/videos,https://www.youtube.com/watch?v=8Z67HWnAi-c,1
https://www.youtube.com/channel/UCC_5rcKYN-D47MDkpinscjw/videos,https://www.youtube.com/watch?v=yVTgi_sWyHM,1
https://www.youtube.com/channel/UCC_5rcKYN-D47MDkpinscjw/videos,https://www.youtube.com/watch?v=Lt70bW6rkA0,1
https://www.youtube.com/channel/UCC_5rcKYN-D47MDkpinscjw/videos,https://www.youtube.com/watch?v=8Z67HWnAi-c,1
https://www.youtube.com/channel/UCC_5rcKYN-D47MDkpinscjw/videos,https://www.youtube.com/watch?v=Lt70bW6rkA0,1
https://www.youtube.com/channel/UCC_5rcKYN-D47MDkpinscjw/videos,https://www.youtube.com/watch?v=nfSk2Bn2nTM,1
https://www.youtube.com/channel/UCC_5rcKYN-D47MDkpinscjw/videos,https://www.youtube.com/watch?v=CxysASUmnzQ,1
https://www.youtube.com/channel/UCC_5rcKYN-D47MDkpinscjw/videos,https://www.youtube.com/watch?v=22KgBu7UuWQ&t=1s,1
https://www.youtube.com/channel/UCC_5rcKYN-D47MDkpinscjw/videos,https://www.youtube.com/watch?v=hEIZcnFJ-X0,1
https://www.youtube.com/channel/UCC_5rcKYN-D47MDkpinscjw/videos,https://www.youtube.com/watch?v=xapOf2wzDRs,1
https://www.youtube.com/channel/UCC_5rcKYN-D47MDkpinscjw/videos,https://www.youtube.com/watch?v=Lt70bW6rkA0,1
https://www.youtube.com/channel/UCC_5rcKYN-D47MDkpinscjw/videos,https://www.youtube.com/watch?v=E4_oLYgYK2I,1
https://www.youtube.com/channel/UCC_5rcKYN-D47MDkpinscjw/videos,https://www.youtube.com/watch?v=FtfWJwwwQ80,1
https://www.youtube.com/channel/UCC_5rcKYN-D47MDkpinscjw/videos,https://www.youtube.com/watch?v=FtfWJwwwQ80,1
https://www.youtube.com/channel/UCC_5rcKYN-D47MDkpinscjw/videos,https://www.youtube.com/watch?v=Q3SEJoPClJk,1
https://www.youtube.com/channel/UCC_5rcKYN-D47MDkpinscjw/videos,https://www.youtube.com/watch?v=u-eJqVIlxLY,1
https://www.youtube.com/channel/UCC_5rcKYN-D47MDkpinscjw/videos,https://www.youtube.com/watch?v=CxysASUmnzQ,1
https://www.youtube.com/channel/UCC_5rcKYN-D47MDkpinscjw/videos,https://www.youtube.com/watch?v=nfSk2Bn2nTM,1
https://www.youtube.com/channel/UCC_5rcKYN-D47MDkpinscjw/videos,https://www.youtube.com/watch?v=nfSk2Bn2nTM,1
https://www.youtube.com/channel/UCC_5rcKYN-D47MDkpinscjw/videos,https://www.youtube.com/watch?v=CxysASUmnzQ,1
https://www.youtube.com/channel/UCC_5rcKYN-D47MDkpinscjw/videos,https://www.youtube.com/watch?v=Lt70bW6rkA0,1
https://www.youtube.com/channel/UCC_5rcKYN-D47MDkpinscjw/videos,https://www.youtube.com/watch?v=22KgBu7UuWQ&t=1s,1
https://www.youtube.com/channel/UCC_5rcKYN-D47MDkpinscjw/videos,https://www.youtube.com/watch?v=Lt70bW6rkA0,1
https://www.youtube.com/channel/UCC_5rcKYN-D47MDkpinscjw/videos,https://www.youtube.com/watch?v=8Z67HWnAi-c,1
https://www.youtube.com/channel/UCC_5rcKYN-D47MDkpinscjw/videos,https://www.youtube.com/watch?v=CxysASUmnzQ,1
https://www.youtube.com/channel/UCC_5rcKYN-D47MDkpinscjw/videos,https://www.youtube.com/watch?v=PiGEugVovtQ,1
https://www.youtube.com/channel/UCC_5rcKYN-D47MDkpinscjw/videos,https://www.youtube.com/watch?v=Lt70bW6rkA0,1
https://www.youtube.com/channel/UCC_5rcKYN-D47MDkpinscjw/videos,https://www.youtube.com/watch?v=CxysASUmnzQ,1
https://www.youtube.com/channel/UCC_5rcKYN-D47MDkpinscjw/videos,https://www.youtube.com/watch?v=50xoxWje1yQ,1
https://www.youtube.com/channel/UCC_5rcKYN-D47MDkpinscjw/videos,https://www.youtube.com/watch?v=h7OXABwwfbs,1
https://www.youtube.com/channel/UCC_5rcKYN-D47MDkpinscjw/videos,https://www.youtube.com/watch?v=K0MGP3O1pUA,1
https://www.youtube.com/channel/UCC_5rcKYN-D47MDkpinscjw/videos,https://www.youtube.com/watch?v=nfSk2Bn2nTM,1
https://www.youtube.com/channel/UCC_5rcKYN-D47MDkpinscjw/videos,https://www.youtube.com/watch?v=TwLnLlnQ3WY,1
https://www.youtube.com/channel/UCC_5rcKYN-D47MDkpinscjw/videos,https://www.youtube.com/watch?v=_IG3AOKXsb8,1
https://www.youtube.com/channel/UCC_5rcKYN-D47MDkpinscjw/videos,https://www.youtube.com/watch?v=E4_oLYgYK2I,1
https://www.youtube.com/channel/UCC_5rcKYN-D47MDkpinscjw/videos,https://www.youtube.com/watch?v=h7OXABwwfbs,1
https://www.youtube.com/channel/UCC_5rcKYN-D47MDkpinscjw/videos,https://www.youtube.com/watch?v=8Z67HWnAi-c,1
https://www.youtube.com/channel/UCC_5rcKYN-D47MDkpinscjw/videos,https://www.youtube.com/watch?v=Lt70bW6rkA0,1
https://www.youtube.com/channel/UCC_5rcKYN-D47MDkpinscjw/videos,https://www.youtube.com/watch?v=rgqE8V1axyk,1
https://www.youtube.com/channel/UCC_5rcKYN-D47MDkpinscjw/videos,https://www.youtube.com/watch?v=s-e-NP7bhiI&t=1079s,1
https://www.youtube.com/channel/UCC_5rcKYN-D47MDkpinscjw/videos,https://www.youtube.com/watch?v=CxysASUmnzQ,1
https://www.youtube.com/channel/UCC_5rcKYN-D47MDkpinscjw/videos,https://www.youtube.com/watch?v=Lt70bW6rkA0,1
https://www.youtube.com/channel/UCC_5rcKYN-D47MDkpinscjw/videos,https://www.youtube.com/watch?v=8Z67HWnAi-c,1
https://www.youtube.com/channel/UCC_5rcKYN-D47MDkpinscjw/videos,https://www.youtube.com/watch?v=nfSk2Bn2nTM,1
https://www.youtube.com/channel/UCC_5rcKYN-D47MDkpinscjw/videos,https://www.youtube.com/watch?v=AFGTE2JDNgo,1
https://www.youtube.com/channel/UCC_5rcKYN-D47MDkpinscjw/videos,https://www.youtube.com/watch?v=_IG3AOKXsb8,1
https://www.youtube.com/channel/UCC_5rcKYN-D47MDkpinscjw/videos,https://www.youtube.com/watch?v=nfSk2Bn2nTM,1
https://www.youtube.com/channel/UCC_5rcKYN-D47MDkpinscjw/videos,https://www.youtube.com/watch?v=nfSk2Bn2nTM,1
https://www.youtube.com/channel/UCC_5rcKYN-D47MDkpinscjw/videos,https://www.youtube.com/watch?v=Q3SEJoPClJk,1
https://www.youtube.com/channel/UCC_5rcKYN-D47MDkpinscjw/videos,https://www.youtube.com/watch?v=PiGEugVovtQ,1
https://www.youtube.com/channel/UCC_5rcKYN-D47MDkpinscjw/videos,https://www.youtube.com/watch?v=Lt70bW6rkA0,1
https://www.youtube.com/channel/UCC_5rcKYN-D47MDkpinscjw/videos,https://www.youtube.com/watch?v=nfSk2Bn2nTM,1
https://www.youtube.com/channel/UCC_5rcKYN-D47MDkpinscjw/videos,https://www.youtube.com/watch?v=8Z67HWnAi-c,1
https://www.youtube.com/channel/UCC_5rcKYN-D47MDkpinscjw/videos,https://www.youtube.com/watch?v=Lt70bW6rkA0,1
https://www.youtube.com/channel/UCC_5rcKYN-D47MDkpinscjw/videos,https://www.youtube.com/watch?v=rgqE8V1axyk,1
https://www.youtube.com/channel/UCC_5rcKYN-D47MDkpinscjw/videos,https://www.youtube.com/watch?v=FtfWJwwwQ80,1
https://www.youtube.com/channel/UCC_5rcKYN-D47MDkpinscjw/videos,https://www.youtube.com/watch?v=50xoxWje1yQ,1
https://www.youtube.com/channel/UCC_5rcKYN-D47MDkpinscjw/videos,https://www.youtube.com/watch?v=CxysASUmnzQ,1
https://www.youtube.com/channel/UCC_5rcKYN-D47MDkpinscjw/videos,https://www.youtube.com/watch?v=CxysASUmnzQ,1
https://www.youtube.com/channel/UCC_5rcKYN-D47MDkpinscjw/videos,https://www.youtube.com/watch?v=Lt70bW6rkA0,1
https://www.youtube.com/channel/UCC_5rcKYN-D47MDkpinscjw/videos,https://www.youtube.com/watch?v=22KgBu7UuWQ&t=1s,1
https://www.youtube.com/channel/UCC_5rcKYN-D47MDkpinscjw/videos,https://www.youtube.com/watch?v=Q3SEJoPClJk,1
https://www.youtube.com/channel/UCC_5rcKYN-D47MDkpinscjw/videos,https://www.youtube.com/watch?v=Lt70bW6rkA0,1
https://www.youtube.com/channel/UCC_5rcKYN-D47MDkpinscjw/videos,https://www.youtube.com/watch?v=50xoxWje1yQ,1
https://www.youtube.com/channel/UCC_5rcKYN-D47MDkpinscjw/videos,https://www.youtube.com/watch?v=rgqE8V1axyk,1
https://www.youtube.com/channel/UCC_5rcKYN-D47MDkpinscjw/videos,https://www.youtube.com/watch?v=8Z67HWnAi-c,1
https://www.youtube.com/channel/UCC_5rcKYN-D47MDkpinscjw/videos,https://www.youtube.com/watch?v=8Z67HWnAi-c,1
https://www.youtube.com/channel/UCC_5rcKYN-D47MDkpinscjw/videos,https://www.youtube.com/watch?v=PiGEugVovtQ,1
https://www.youtube.com/channel/UCC_5rcKYN-D47MDkpinscjw/videos,https://www.youtube.com/watch?v=nfSk2Bn2nTM,1
https://www.youtube.com/channel/UCC_5rcKYN-D47MDkpinscjw/videos,https://www.youtube.com/watch?v=CxysASUmnzQ,1
https://www.youtube.com/channel/UCC_5rcKYN-D47MDkpinscjw/videos,https://www.youtube.com/watch?v=rgqE8V1axyk,1
https://www.youtube.com/channel/UCC_5rcKYN-D47MDkpinscjw/videos,https://www.youtube.com/watch?v=CxysASUmnzQ,1
https://www.youtube.com/channel/UCC_5rcKYN-D47MDkpinscjw/videos,https://www.youtube.com/watch?v=PiGEugVovtQ,1
https://www.youtube.com/channel/UCC_5rcKYN-D47MDkpinscjw/videos,https://www.youtube.com/watch?v=rgqE8V1axyk,1
https://www.youtube.com/channel/UCC_5rcKYN-D47MDkpinscjw/videos,https://www.youtube.com/watch?v=Lt70bW6rkA0,1
https://www.youtube.com/channel/UCC_5rcKYN-D47MDkpinscjw/videos,https://www.youtube.com/watch?v=6EsFYcgPZsM,1
https://www.youtube.com/channel/UCC_5rcKYN-D47MDkpinscjw/videos,https://www.youtube.com/watch?v=AFGTE2JDNgo,1
https://www.youtube.com/channel/UCC_5rcKYN-D47MDkpinscjw/videos,https://www.youtube.com/watch?v=BK3L61QTE1Q,1
https://www.youtube.com/channel/UCC_5rcKYN-D47MDkpinscjw/videos,https://www.youtube.com/watch?v=PiGEugVovtQ,1
https://www.youtube.com/channel/UCC_5rcKYN-D47MDkpinscjw/videos,https://www.youtube.com/watch?v=nfSk2Bn2nTM,1
https://www.youtube.com/channel/UCC_5rcKYN-D47MDkpinscjw/videos,https://www.youtube.com/watch?v=PiGEugVovtQ,1
https://www.youtube.com/channel/UCC_5rcKYN-D47MDkpinscjw/videos,https://www.youtube.com/watch?v=ryyA6YB96YQ,1
https://www.youtube.com/channel/UCC_5rcKYN-D47MDkpinscjw/videos,https://www.youtube.com/watch?v=Co06TAC19Vk,1
https://www.youtube.com/channel/UCC_5rcKYN-D47MDkpinscjw/videos,https://www.youtube.com/watch?v=nfSk2Bn2nTM,1
https://www.youtube.com/channel/UCC_5rcKYN-D47MDkpinscjw/videos,https://www.youtube.com/watch?v=eWqYx7zG3oo,1
https://www.youtube.com/channel/UCC_5rcKYN-D47MDkpinscjw/videos,https://www.youtube.com/watch?v=tm0EkXnwjzo,1
https://www.youtube.com/channel/UCC_5rcKYN-D47MDkpinscjw/videos,https://www.youtube.com/watch?v=EkSx-xOCYXA,1
https://www.youtube.com/channel/UCC_5rcKYN-D47MDkpinscjw/videos,https://www.youtube.com/watch?v=nvWX9aiQggg&t=478s,1
https://www.youtube.com/channel/UCC_5rcKYN-D47MDkpinscjw/videos,https://www.youtube.com/watch?v=TBYsCfU5KLM,1
https://www.youtube.com/channel/UCC_5rcKYN-D47MDkpinscjw/videos,https://www.youtube.com/watch?v=Nkek90FyWAM,1
https://www.youtube.com/channel/UCC_5rcKYN-D47MDkpinscjw/videos,https://www.youtube.com/watch?v=H4pgYlo2M6Y,1
https://www.youtube.com/channel/UCC_5rcKYN-D47MDkpinscjw/videos,https://www.youtube.com/watch?v=9QdQYBeA918,1
https://www.youtube.com/channel/UCC_5rcKYN-D47MDkpinscjw/videos,https://www.youtube.com/watch?v=nvWX9aiQggg&t=478s,1
https://www.youtube.com/channel/UCC_5rcKYN-D47MDkpinscjw/videos,https://www.youtube.com/watch?v=JgSh6FYxq4I,1
https://www.youtube.com/channel/UCC_5rcKYN-D47MDkpinscjw/videos,https://www.youtube.com/watch?v=Y1Vwh87Ci4k,1
https://www.youtube.com/channel/UCC_5rcKYN-D47MDkpinscjw/videos,https://www.youtube.com/watch?v=ogMvNGbx8SA,1
https://www.youtube.com/channel/UCC_5rcKYN-D47MDkpinscjw/videos,https://www.youtube.com/watch?v=a_hixc0_yCY,1
https://www.youtube.com/channel/UCC_5rcKYN-D47MDkpinscjw/videos,https://www.youtube.com/watch?v=1ep4brC9FPo,1
https://www.youtube.com/channel/UCC_5rcKYN-D47MDkpinscjw/videos,https://www.youtube.com/watch?v=Nkek90FyWAM,1
https://www.youtube.com/channel/UCC_5rcKYN-D47MDkpinscjw/videos,https://www.youtube.com/watch?v=eWqYx7zG3oo,1
https://www.youtube.com/channel/UCC_5rcKYN-D47MDkpinscjw/videos,https://www.youtube.com/watch?v=_zLfUpr8ltQ,1
https://www.youtube.com/channel/UCC_5rcKYN-D47MDkpinscjw/videos,https://www.youtube.com/watch?v=tm0EkXnwjzo,1
https://www.youtube.com/channel/UCC_5rcKYN-D47MDkpinscjw/videos,https://www.youtube.com/watch?v=_zLfUpr8ltQ,1
https://www.youtube.com/channel/UCC_5rcKYN-D47MDkpinscjw/videos,https://www.youtube.com/watch?v=UwnaLHKj5WM&t=6s,1
https://www.youtube.com/channel/UCC_5rcKYN-D47MDkpinscjw/videos,https://www.youtube.com/watch?v=Q3SEJoPClJk&t=1s,1
https://www.youtube.com/channel/UCC_5rcKYN-D47MDkpinscjw/videos,https://www.youtube.com/watch?v=Z6g5Bauennk,1
https://www.youtube.com/channel/UCC_5rcKYN-D47MDkpinscjw/videos,https://www.youtube.com/watch?v=2vCoQ8N_P3k,1
https://www.youtube.com/channel/UCC_5rcKYN-D47MDkpinscjw/videos,https://www.youtube.com/watch?v=G3gOxwF0BmY,1
https://www.youtube.com/channel/UCC_5rcKYN-D47MDkpinscjw/videos,https://www.youtube.com/watch?v=VXVQW_g743g,1
https://www.youtube.com/channel/UCC_5rcKYN-D47MDkpinscjw/videos,https://www.youtube.com/watch?v=Gz2maPIcT8g,1
https://www.youtube.com/channel/UCC_5rcKYN-D47MDkpinscjw/videos,https://www.youtube.com/watch?v=Nkek90FyWAM,1
https://www.youtube.com/channel/UCC_5rcKYN-D47MDkpinscjw/videos,https://www.youtube.com/watch?v=Nkek90FyWAM,1
https://www.youtube.com/channel/UCC_5rcKYN-D47MDkpinscjw/videos,https://www.youtube.com/watch?v=ITlrwItUO9o,1
https://www.youtube.com/channel/UCC_5rcKYN-D47MDkpinscjw/videos,https://www.youtube.com/watch?v=TOU_nMkFEng,1
https://www.youtube.com/channel/UCC_5rcKYN-D47MDkpinscjw/videos,https://www.youtube.com/watch?v=G3gOxwF0BmY,1
https://www.youtube.com/channel/UCC_5rcKYN-D47MDkpinscjw/videos,https://www.youtube.com/watch?v=gValvmY5IAo,1
https://www.youtube.com/channel/UCC_5rcKYN-D47MDkpinscjw/videos,https://www.youtube.com/watch?v=6e8_R1Hze8Y,1
https://www.youtube.com/channel/UCC_5rcKYN-D47MDkpinscjw/videos,https://www.youtube.com/watch?v=FB1xoJaTZ8k,1
https://www.youtube.com/channel/UCC_5rcKYN-D47MDkpinscjw/videos,https://www.youtube.com/watch?v=Nkek90FyWAM,1
https://www.youtube.com/channel/UCC_5rcKYN-D47MDkpinscjw/videos,https://www.youtube.com/watch?v=FB1xoJaTZ8k,1
https://www.youtube.com/channel/UCC_5rcKYN-D47MDkpinscjw/videos,https://www.youtube.com/watch?v=r8TDe3Tg1MQ,1
https://www.youtube.com/channel/UCC_5rcKYN-D47MDkpinscjw/videos,https://www.youtube.com/watch?v=wKlnYI-RqG8,1
https://www.youtube.com/channel/UCC_5rcKYN-D47MDkpinscjw/videos,https://www.youtube.com/watch?v=4lmEhLIVrnY,1
https://www.youtube.com/channel/UCC_5rcKYN-D47MDkpinscjw/videos,https://www.youtube.com/watch?v=WLbM-5MySPo,1
https://www.youtube.com/channel/UCC_5rcKYN-D47MDkpinscjw/videos,https://www.youtube.com/watch?v=bI2quGnoUzA,1
https://www.youtube.com/channel/UCC_5rcKYN-D47MDkpinscjw/videos,https://www.youtube.com/watch?v=a_hixc0_yCY,1
https://www.youtube.com/channel/UCC_5rcKYN-D47MDkpinscjw/videos,https://www.youtube.com/watch?v=EBDsClDoEM0,1
https://www.youtube.com/channel/UCC_5rcKYN-D47MDkpinscjw/videos,https://www.youtube.com/watch?v=UwnaLHKj5WM&t=6s,1
https://www.youtube.com/channel/UCC_5rcKYN-D47MDkpinscjw/videos,https://www.youtube.com/watch?v=pAzOBWHoHKE,1
https://www.youtube.com/channel/UCC_5rcKYN-D47MDkpinscjw/videos,https://www.youtube.com/watch?v=ITlrwItUO9o,1
https://www.youtube.com/channel/UCC_5rcKYN-D47MDkpinscjw/videos,https://www.youtube.com/watch?v=eWqYx7zG3oo,1
https://www.youtube.com/channel/UCC_5rcKYN-D47MDkpinscjw/videos,https://www.youtube.com/watch?v=8OuM_vRCAUs,1
https://www.youtube.com/channel/UCC_5rcKYN-D47MDkpinscjw/videos,https://www.youtube.com/watch?v=g7NBoZfrYps,1
https://www.youtube.com/channel/UCC_5rcKYN-D47MDkpinscjw/videos,https://www.youtube.com/watch?v=QIJvvyh6nR4,1
https://www.youtube.com/channel/UCC_5rcKYN-D47MDkpinscjw/videos,https://www.youtube.com/watch?v=ogMvNGbx8SA,1
https://www.youtube.com/channel/UCC_5rcKYN-D47MDkpinscjw/videos,https://www.youtube.com/watch?v=ctmOG5V18CY,1
https://www.youtube.com/channel/UCC_5rcKYN-D47MDkpinscjw/videos,https://www.youtube.com/watch?v=Nkek90FyWAM,1
https://www.youtube.com/channel/UCC_5rcKYN-D47MDkpinscjw/videos,https://www.youtube.com/watch?v=-OuXhDJcImI,1
https://www.youtube.com/channel/UCC_5rcKYN-D47MDkpinscjw/videos,https://www.youtube.com/watch?v=ZFQmRIOXZBU,1
https://www.youtube.com/channel/UCC_5rcKYN-D47MDkpinscjw/videos,https://www.youtube.com/watch?v=r8TDe3Tg1MQ,1
https://www.youtube.com/channel/UCC_5rcKYN-D47MDkpinscjw/videos,https://www.youtube.com/watch?v=9SZ_P4o6hrI,1
https://www.youtube.com/channel/UCC_5rcKYN-D47MDkpinscjw/videos,https://www.youtube.com/watch?v=JgSh6FYxq4I,1
https://www.youtube.com/channel/UCC_5rcKYN-D47MDkpinscjw/videos,https://www.youtube.com/watch?v=1eJ3nXCa1G4,1
https://www.youtube.com/channel/UCC_5rcKYN-D47MDkpinscjw/videos,https://www.youtube.com/watch?v=tm0EkXnwjzo,1
https://www.youtube.com/channel/UCC_5rcKYN-D47MDkpinscjw/videos,https://www.youtube.com/watch?v=-OuXhDJcImI,1
https://www.youtube.com/channel/UCC_5rcKYN-D47MDkpinscjw/videos,https://www.youtube.com/watch?v=ITlrwItUO9o,1
https://www.youtube.com/channel/UCC_5rcKYN-D47MDkpinscjw/videos,https://www.youtube.com/watch?v=ZFQmRIOXZBU,1
https://www.youtube.com/channel/UCC_5rcKYN-D47MDkpinscjw/videos,https://www.youtube.com/watch?v=bzQteAlYpvg,1
https://www.youtube.com/channel/UCC_5rcKYN-D47MDkpinscjw/videos,https://www.youtube.com/watch?v=9SZ_P4o6hrI,1
https://www.youtube.com/channel/UCC_5rcKYN-D47MDkpinscjw/videos,https://www.youtube.com/watch?v=d2t2HakV3wQ,1
https://www.youtube.com/channel/UCC_5rcKYN-D47MDkpinscjw/videos,https://www.youtube.com/watch?v=-w3b51qeyBQ,1
https://www.youtube.com/channel/UCC_5rcKYN-D47MDkpinscjw/videos,https://www.youtube.com/watch?v=nvWX9aiQggg&t=478s,1
https://www.youtube.com/channel/UCC_5rcKYN-D47MDkpinscjw/videos,https://www.youtube.com/watch?v=TwLnLlnQ3WY,1
https://www.youtube.com/channel/UCC_5rcKYN-D47MDkpinscjw/videos,https://www.youtube.com/watch?v=ex5rEZ7NpRA,1
https://www.youtube.com/channel/UCC_5rcKYN-D47MDkpinscjw/videos,https://www.youtube.com/watch?v=9SZ_P4o6hrI,1
https://www.youtube.com/channel/UCC_5rcKYN-D47MDkpinscjw/videos,https://www.youtube.com/watch?v=gValvmY5IAo,1
https://www.youtube.com/channel/UCC_5rcKYN-D47MDkpinscjw/videos,https://www.youtube.com/watch?v=r8TDe3Tg1MQ,1
https://www.youtube.com/channel/UCC_5rcKYN-D47MDkpinscjw/videos,https://www.youtube.com/watch?v=9SZ_P4o6hrI,1
https://www.youtube.com/channel/UCC_5rcKYN-D47MDkpinscjw/videos,https://www.youtube.com/watch?v=Nkek90FyWAM,1
https://www.youtube.com/channel/UCC_5rcKYN-D47MDkpinscjw/videos,https://www.youtube.com/watch?v=H4pgYlo2M6Y,1
https://www.youtube.com/channel/UCC_5rcKYN-D47MDkpinscjw/videos,https://www.youtube.com/watch?v=BzePuss8mO4,1
https://www.youtube.com/channel/UCC_5rcKYN-D47MDkpinscjw/videos,https://www.youtube.com/watch?v=h7OXABwwfbs,1
https://www.youtube.com/channel/UCC_5rcKYN-D47MDkpinscjw/videos,https://www.youtube.com/watch?v=Nkek90FyWAM,1
https://www.youtube.com/channel/UCC_5rcKYN-D47MDkpinscjw/videos,https://www.youtube.com/watch?v=4qnvWd8z8RQ,1
https://www.youtube.com/channel/UCC_5rcKYN-D47MDkpinscjw/videos,https://www.youtube.com/watch?v=MrUBlSD-_P8,1
https://www.youtube.com/channel/UCC_5rcKYN-D47MDkpinscjw/videos,https://www.youtube.com/watch?v=2J0FCcB7b18,1
https://www.youtube.com/channel/UCC_5rcKYN-D47MDkpinscjw/videos,https://www.youtube.com/watch?v=H4pgYlo2M6Y,1
https://www.youtube.com/channel/UCC_5rcKYN-D47MDkpinscjw/videos,https://www.youtube.com/watch?v=kswtzSlyWfY,1
https://www.youtube.com/channel/UCC_5rcKYN-D47MDkpinscjw/videos,https://www.youtube.com/watch?v=BK3L61QTE1Q,1
https://www.youtube.com/channel/UCC_5rcKYN-D47MDkpinscjw/videos,https://www.youtube.com/watch?v=VXVQW_g743g,1
https://www.youtube.com/channel/UCC_5rcKYN-D47MDkpinscjw/videos,https://www.youtube.com/watch?v=L_LYs95JVJQ,1
https://www.youtube.com/channel/UCC_5rcKYN-D47MDkpinscjw/videos,https://www.youtube.com/watch?v=2vCoQ8N_P3k,1
https://www.youtube.com/channel/UCC_5rcKYN-D47MDkpinscjw/videos,https://www.youtube.com/watch?v=VXVQW_g743g,1
https://www.youtube.com/channel/UCC_5rcKYN-D47MDkpinscjw/videos,https://www.youtube.com/watch?v=pVjjeewD_0E,1
https://www.youtube.com/channel/UCC_5rcKYN-D47MDkpinscjw/videos,https://www.youtube.com/watch?v=XvqBZqvBi5M,1
https://www.youtube.com/channel/UCC_5rcKYN-D47MDkpinscjw/videos,https://www.youtube.com/watch?v=pVjjeewD_0E,1
https://www.youtube.com/channel/UCC_5rcKYN-D47MDkpinscjw/videos,https://www.youtube.com/watch?v=9-tbu_GDAhc,1
https://www.youtube.com/channel/UCC_5rcKYN-D47MDkpinscjw/videos,https://www.youtube.com/watch?v=m4bSQyO-LvQ,1
https://www.youtube.com/channel/UCC_5rcKYN-D47MDkpinscjw/videos,https://www.youtube.com/watch?v=tm0EkXnwjzo,1
https://www.youtube.com/channel/UCC_5rcKYN-D47MDkpinscjw/videos,https://www.youtube.com/watch?v=MmOGfXNIR7M,1
https://www.youtube.com/channel/UCC_5rcKYN-D47MDkpinscjw/videos,https://www.youtube.com/watch?v=_srrIPgTX0M,1
https://www.youtube.com/channel/UCC_5rcKYN-D47MDkpinscjw/videos,https://www.youtube.com/watch?v=8Guni2xqvO4,1
https://www.youtube.com/channel/UCC_5rcKYN-D47MDkpinscjw/videos,https://www.youtube.com/watch?v=r8TDe3Tg1MQ,1
https://www.youtube.com/channel/UCC_5rcKYN-D47MDkpinscjw/videos,https://www.youtube.com/watch?v=rgqE8V1axyk,1
https://www.youtube.com/channel/UCC_5rcKYN-D47MDkpinscjw/videos,https://www.youtube.com/watch?v=BK3L61QTE1Q,1
https://www.youtube.com/channel/UCC_5rcKYN-D47MDkpinscjw/videos,https://www.youtube.com/watch?v=n4uc-wmvXWs,1
https://www.youtube.com/channel/UCQ9c354bGU-xEnWBe1ete3Q/videos,https://www.youtube.com/watch?v=HkmEf1165N8,1
https://www.youtube.com/channel/UCQ9c354bGU-xEnWBe1ete3Q/videos,https://www.youtube.com/watch?v=4QAwUYvGoz0,1
https://www.youtube.com/channel/UCQ9c354bGU-xEnWBe1ete3Q/videos,https://www.youtube.com/watch?v=WsvTJ2xzRnw,1
https://www.youtube.com/channel/UCQ9c354bGU-xEnWBe1ete3Q/videos,https://www.youtube.com/watch?v=vRL_2Xy7d-s,1
https://www.youtube.com/channel/UCQ9c354bGU-xEnWBe1ete3Q/videos,https://www.youtube.com/watch?v=L3IFuaUASrs,1
https://www.youtube.com/channel/UCQ9c354bGU-xEnWBe1ete3Q/videos,https://www.youtube.com/watch?v=c1IycgLJRVk,1
https://www.youtube.com/channel/UCQ9c354bGU-xEnWBe1ete3Q/videos,https://www.youtube.com/watch?v=Xl7vuHt6wLI,1
https://www.youtube.com/channel/UCQ9c354bGU-xEnWBe1ete3Q/videos,https://www.youtube.com/watch?v=c1IycgLJRVk,1
https://www.youtube.com/channel/UCQ9c354bGU-xEnWBe1ete3Q/videos,https://www.youtube.com/watch?v=LpNkbag3Hxw,1
https://www.youtube.com/channel/UCQ9c354bGU-xEnWBe1ete3Q/videos,https://www.youtube.com/watch?v=HkmEf1165N8,1
https://www.youtube.com/channel/UCQ9c354bGU-xEnWBe1ete3Q/videos,https://www.youtube.com/watch?v=NqpBMEECdZM,1
https://www.youtube.com/channel/UCQ9c354bGU-xEnWBe1ete3Q/videos,https://www.youtube.com/watch?v=_qPtAihrvjA,1
https://www.youtube.com/channel/UCQ9c354bGU-xEnWBe1ete3Q/videos,https://www.youtube.com/watch?v=MR7_dVY8gNs,1
https://www.youtube.com/channel/UCQ9c354bGU-xEnWBe1ete3Q/videos,https://www.youtube.com/watch?v=c1IycgLJRVk,1
https://www.youtube.com/channel/UCQ9c354bGU-xEnWBe1ete3Q/videos,https://www.youtube.com/watch?v=_qPtAihrvjA,1
https://www.youtube.com/channel/UCQ9c354bGU-xEnWBe1ete3Q/videos,https://www.youtube.com/watch?v=c1IycgLJRVk,1
https://www.youtube.com/channel/UCQ9c354bGU-xEnWBe1ete3Q/videos,https://www.youtube.com/watch?v=Xl7vuHt6wLI,1
https://www.youtube.com/channel/UCQ9c354bGU-xEnWBe1ete3Q/videos,https://www.youtube.com/watch?v=Xl7vuHt6wLI,1
https://www.youtube.com/channel/UCQ9c354bGU-xEnWBe1ete3Q/videos,https://www.youtube.com/watch?v=HkmEf1165N8,1
https://www.youtube.com/channel/UCQ9c354bGU-xEnWBe1ete3Q/videos,https://www.youtube.com/watch?v=vRL_2Xy7d-s,1
https://www.youtube.com/channel/UCQ9c354bGU-xEnWBe1ete3Q/videos,https://www.youtube.com/watch?v=c1IycgLJRVk,1
https://www.youtube.com/channel/UCQ9c354bGU-xEnWBe1ete3Q/videos,https://www.youtube.com/watch?v=BsyAZ7CZhH4,1
https://www.youtube.com/channel/UCQ9c354bGU-xEnWBe1ete3Q/videos,https://www.youtube.com/watch?v=NqpBMEECdZM,1
https://www.youtube.com/channel/UCQ9c354bGU-xEnWBe1ete3Q/videos,https://www.youtube.com/watch?v=NqpBMEECdZM,1
https://www.youtube.com/channel/UCQ9c354bGU-xEnWBe1ete3Q/videos,https://www.youtube.com/watch?v=Xl7vuHt6wLI,1
https://www.youtube.com/channel/UCQ9c354bGU-xEnWBe1ete3Q/videos,https://www.youtube.com/watch?v=_qPtAihrvjA,1
https://www.youtube.com/channel/UCQ9c354bGU-xEnWBe1ete3Q/videos,https://www.youtube.com/watch?v=NqpBMEECdZM,1
https://www.youtube.com/channel/UCQ9c354bGU-xEnWBe1ete3Q/videos,https://www.youtube.com/watch?v=MR7_dVY8gNs,1
https://www.youtube.com/channel/UCQ9c354bGU-xEnWBe1ete3Q/videos,https://www.youtube.com/watch?v=eU77e20B_eM,1
https://www.youtube.com/channel/UCQ9c354bGU-xEnWBe1ete3Q/videos,https://www.youtube.com/watch?v=HkmEf1165N8,1
https://www.youtube.com/channel/UCQ9c354bGU-xEnWBe1ete3Q/videos,https://www.youtube.com/watch?v=NqpBMEECdZM,1
https://www.youtube.com/channel/UCQ9c354bGU-xEnWBe1ete3Q/videos,https://www.youtube.com/watch?v=eVB-yezlcO8,1
https://www.youtube.com/channel/UCQ9c354bGU-xEnWBe1ete3Q/videos,https://www.youtube.com/watch?v=c1IycgLJRVk,1
https://www.youtube.com/channel/UCQ9c354bGU-xEnWBe1ete3Q/videos,https://www.youtube.com/watch?v=eVB-yezlcO8,1
https://www.youtube.com/channel/UCQ9c354bGU-xEnWBe1ete3Q/videos,https://www.youtube.com/watch?v=BsyAZ7CZhH4,1
https://www.youtube.com/channel/UCQ9c354bGU-xEnWBe1ete3Q/videos,https://www.youtube.com/watch?v=HkmEf1165N8,1
https://www.youtube.com/channel/UCQ9c354bGU-xEnWBe1ete3Q/videos,https://www.youtube.com/watch?v=Xl7vuHt6wLI,1
https://www.youtube.com/channel/UCQ9c354bGU-xEnWBe1ete3Q/videos,https://www.youtube.com/watch?v=NqpBMEECdZM,1
https://www.youtube.com/channel/UCQ9c354bGU-xEnWBe1ete3Q/videos,https://www.youtube.com/watch?v=NqpBMEECdZM,1
https://www.youtube.com/channel/UCQ9c354bGU-xEnWBe1ete3Q/videos,https://www.youtube.com/watch?v=MR7_dVY8gNs,1
https://www.youtube.com/channel/UCQ9c354bGU-xEnWBe1ete3Q/videos,https://www.youtube.com/watch?v=iPEn9nEIvxQ,1
https://www.youtube.com/channel/UCQ9c354bGU-xEnWBe1ete3Q/videos,https://www.youtube.com/watch?v=eVB-yezlcO8,1
https://www.youtube.com/channel/UCQ9c354bGU-xEnWBe1ete3Q/videos,https://www.youtube.com/watch?v=c1IycgLJRVk,1
https://www.youtube.com/channel/UCQ9c354bGU-xEnWBe1ete3Q/videos,https://www.youtube.com/watch?v=MR7_dVY8gNs,1
https://www.youtube.com/channel/UCQ9c354bGU-xEnWBe1ete3Q/videos,https://www.youtube.com/watch?v=Yc8PqxjtcUE,1
https://www.youtube.com/channel/UCQ9c354bGU-xEnWBe1ete3Q/videos,https://www.youtube.com/watch?v=BsyAZ7CZhH4,1
https://www.youtube.com/channel/UCQ9c354bGU-xEnWBe1ete3Q/videos,https://www.youtube.com/watch?v=Xl7vuHt6wLI,1
https://www.youtube.com/channel/UCQ9c354bGU-xEnWBe1ete3Q/videos,https://www.youtube.com/watch?v=mgG2s5PUTO8,1
https://www.youtube.com/channel/UCQ9c354bGU-xEnWBe1ete3Q/videos,https://www.youtube.com/watch?v=JJU6fLOW1as,1
https://www.youtube.com/channel/UCQ9c354bGU-xEnWBe1ete3Q/videos,https://www.youtube.com/watch?v=q9Ul9IZp7WA,1
https://www.youtube.com/channel/UCQ9c354bGU-xEnWBe1ete3Q/videos,https://www.youtube.com/watch?v=uIGS0_b2PR4,1
https://www.youtube.com/channel/UCQ9c354bGU-xEnWBe1ete3Q/videos,https://www.youtube.com/watch?v=Nkek90FyWAM,1
https://www.youtube.com/channel/UCQ9c354bGU-xEnWBe1ete3Q/videos,https://www.youtube.com/watch?v=nvWX9aiQggg&t=478s,1
https://www.youtube.com/channel/UCQ9c354bGU-xEnWBe1ete3Q/videos,https://www.youtube.com/watch?v=MrUBlSD-_P8,1
https://www.youtube.com/channel/UCQ9c354bGU-xEnWBe1ete3Q/videos,https://www.youtube.com/watch?v=Fzpu9cKTtto,1
https://www.youtube.com/channel/UCQ9c354bGU-xEnWBe1ete3Q/videos,https://www.youtube.com/watch?v=TwLnLlnQ3WY,1
https://www.youtube.com/channel/UCQ9c354bGU-xEnWBe1ete3Q/videos,https://www.youtube.com/watch?v=uIGS0_b2PR4,1
https://www.youtube.com/channel/UCQ9c354bGU-xEnWBe1ete3Q/videos,https://www.youtube.com/watch?v=dp5pVv_zje4,1
https://www.youtube.com/channel/UCQ9c354bGU-xEnWBe1ete3Q/videos,https://www.youtube.com/watch?v=q9Ul9IZp7WA,1
https://www.youtube.com/channel/UCQ9c354bGU-xEnWBe1ete3Q/videos,https://www.youtube.com/watch?v=F7xInTtwhxw,1
https://www.youtube.com/channel/UCQ9c354bGU-xEnWBe1ete3Q/videos,https://www.youtube.com/watch?v=eWqYx7zG3oo,1
https://www.youtube.com/channel/UCQ9c354bGU-xEnWBe1ete3Q/videos,https://www.youtube.com/watch?v=-OuXhDJcImI,1
https://www.youtube.com/channel/UCQ9c354bGU-xEnWBe1ete3Q/videos,https://www.youtube.com/watch?v=ogMvNGbx8SA,1
https://www.youtube.com/channel/UCQ9c354bGU-xEnWBe1ete3Q/videos,https://www.youtube.com/watch?v=Bh8s8mHMbsE,1
https://www.youtube.com/channel/UCQ9c354bGU-xEnWBe1ete3Q/videos,https://www.youtube.com/watch?v=gValvmY5IAo,1
https://www.youtube.com/channel/UCQ9c354bGU-xEnWBe1ete3Q/videos,https://www.youtube.com/watch?v=Nkek90FyWAM,1
https://www.youtube.com/channel/UCQ9c354bGU-xEnWBe1ete3Q/videos,https://www.youtube.com/watch?v=ltRfjDMTXBs,1
https://www.youtube.com/channel/UCQ9c354bGU-xEnWBe1ete3Q/videos,https://www.youtube.com/watch?v=2JOzlClbapU,1
https://www.youtube.com/channel/UCQ9c354bGU-xEnWBe1ete3Q/videos,https://www.youtube.com/watch?v=CAHagot7RIQ,1
https://www.youtube.com/channel/UCQ9c354bGU-xEnWBe1ete3Q/videos,https://www.youtube.com/watch?v=0LoyHUhSuLo,1
https://www.youtube.com/channel/UCQ9c354bGU-xEnWBe1ete3Q/videos,https://www.youtube.com/watch?v=p3MOg7cKhEQ,1
https://www.youtube.com/channel/UCQ9c354bGU-xEnWBe1ete3Q/videos,https://www.youtube.com/watch?v=yyu-XSC93oE,1
https://www.youtube.com/channel/UCQ9c354bGU-xEnWBe1ete3Q/videos,https://www.youtube.com/watch?v=_jXyVLENHLw&t=621s,1
https://www.youtube.com/channel/UCQ9c354bGU-xEnWBe1ete3Q/videos,https://www.youtube.com/watch?v=idFJWsg-7Xo&t=945s,1
https://www.youtube.com/channel/UCQ9c354bGU-xEnWBe1ete3Q/videos,https://www.youtube.com/watch?v=JJU6fLOW1as,1
https://www.youtube.com/channel/UCQ9c354bGU-xEnWBe1ete3Q/videos,https://www.youtube.com/watch?v=TwLnLlnQ3WY,1
https://www.youtube.com/channel/UCQ9c354bGU-xEnWBe1ete3Q/videos,https://www.youtube.com/watch?v=uIGS0_b2PR4,1
https://www.youtube.com/channel/UCQ9c354bGU-xEnWBe1ete3Q/videos,https://www.youtube.com/watch?v=wnPxgKLbSWw,1
https://www.youtube.com/channel/UCQ9c354bGU-xEnWBe1ete3Q/videos,https://www.youtube.com/watch?v=EkSx-xOCYXA,1
https://www.youtube.com/channel/UCQ9c354bGU-xEnWBe1ete3Q/videos,https://www.youtube.com/watch?v=3LdrC6VfU0g,1
https://www.youtube.com/channel/UCQ9c354bGU-xEnWBe1ete3Q/videos,https://www.youtube.com/watch?v=VXVQW_g743g,1
https://www.youtube.com/channel/UCQ9c354bGU-xEnWBe1ete3Q/videos,https://www.youtube.com/watch?v=1F6UT2r4f_g,1
https://www.youtube.com/channel/UCQ9c354bGU-xEnWBe1ete3Q/videos,https://www.youtube.com/watch?v=AsoCSdVb4NI,1
https://www.youtube.com/channel/UCQ9c354bGU-xEnWBe1ete3Q/videos,https://www.youtube.com/watch?v=rgqE8V1axyk,1
https://www.youtube.com/channel/UCQ9c354bGU-xEnWBe1ete3Q/videos,https://www.youtube.com/watch?v=ITlrwItUO9o,1
https://www.youtube.com/channel/UCQ9c354bGU-xEnWBe1ete3Q/videos,https://www.youtube.com/watch?v=rgqE8V1axyk,1
https://www.youtube.com/channel/UCQ9c354bGU-xEnWBe1ete3Q/videos,https://www.youtube.com/watch?v=2vCoQ8N_P3k,1
https://www.youtube.com/channel/UCQ9c354bGU-xEnWBe1ete3Q/videos,https://www.youtube.com/watch?v=0YSB-S6rAYQ,1
https://www.youtube.com/channel/UCQ9c354bGU-xEnWBe1ete3Q/videos,https://www.youtube.com/watch?v=yOCgdnPXYBY,1
https://www.youtube.com/channel/UCQ9c354bGU-xEnWBe1ete3Q/videos,https://www.youtube.com/watch?v=9QdQYBeA918,1
https://www.youtube.com/channel/UCQ9c354bGU-xEnWBe1ete3Q/videos,https://www.youtube.com/watch?v=FYhNmdOJTd4,1
https://www.youtube.com/channel/UCQ9c354bGU-xEnWBe1ete3Q/videos,https://www.youtube.com/watch?v=yyu-XSC93oE,1
https://www.youtube.com/channel/UCQ9c354bGU-xEnWBe1ete3Q/videos,https://www.youtube.com/watch?v=fuhCbGHDGgY,1
https://www.youtube.com/channel/UCQ9c354bGU-xEnWBe1ete3Q/videos,https://www.youtube.com/watch?v=jN270UYxSdc,1
https://www.youtube.com/channel/UCQ9c354bGU-xEnWBe1ete3Q/videos,https://www.youtube.com/watch?v=6EsFYcgPZsM,1
